campaign_id,date,channel,campaign_type,campaign_name,spend,clicks,impressions,conversions,revenue,cpc_reported
1094,2026-07-01,google ads,Notoriete,Google_Notoriete_202607_1094,1720.65€,2041,37489,72,3691.64,0.843
1045,2026-01-01,Meta Ads,Conversion,Meta_Conversion_202601_1045,1420.23,3133,174765,125,4957.45,0.453
1057,2026-02-01,TikTok Ads,Conversion,TikTok_Conversion_202602_1057,2455.23,6029,170142,110,5306.38,0.407
1083,2026-06-01,Google Ads,Notoriete,Google_Notoriete_202606_1083,2870.94,3361,70876,116,5062.31,0.854
1070,2026-04-01,Meta Ads,Notoriete,Meta_Notoriete_202604_1070,4089.59,7532,325170,136,7959.95,0.543
1106,2026-08-01,Meta Ads,Conversion,Meta_Conversion_202608_1106,1563.13€,2452,101728,88,5125.45,
1102,2026-08-01,Google Ads,Notoriete,Google_Notoriete_202608_1102,4215.19,4463,87971,156,10770.44,0.944
1059,2026-03-01,Google Ads,Notoriete,Google_Notoriete_202603_1059,1921.95,2679,54371,102,4372.25,0.717
1036,2025-12-01,Meta Ads,Conversion,Meta_Conversion_202512_1036,1259.19,2384,113910,72,5580.71,0.528
1039,2025-12-01,TikTok Ads,Conversion,TikTok_Conversion_202512_1039,"EUR 1,798.00",4792,262858,121,2850.26,
1066,2026-03-01,TikTok Ads,Conversion,TikTok_Conversion_202603_1066,2729.47€,6418,225094,171,4443.18,
1095,2026-07-01,Google Ads,Conversion,Google_Conversion_202607_1095,"EUR 1,973.28",2326,45327,183,6267.65,0.848
1003,2025-09-01,Google Ads,Conversion,Google_Conversion_202509_1003,"EUR 1,967.92",2332,53811,161,6289.3,0.844
1103,2026-08-01,Google Ads,Conversion,Google_Conversion_202608_1103,2545.96,2490,55200,162,8628.14,1.022
1077,2026-05-01,Meta Ads,Notoriete,Meta_Notoriete_202605_1077,3505.52,6198,436248,118,5345.39,0.566
1054,2026-02-01,Meta Ads,Notoriete,Meta_Notoriete_202602_1054,2489.98,5026,244538,75,6515.13,0.495
1101,2026-07-01,TikTok Ads,Conversion,TikTok_Conversion_202607_1101,1757.4,3960,115244,102,3359.05,0.444
1098,2026-07-01,Meta Ads,Notoriete,Meta_Notoriete_202607_1098,1446.35,0,126186,55,3981.46,0.595
1093,2026-07-01,Google Ads,Notoriete,Google_Notoriete_202607_1093,1577.71,2847,78370,93,3691.11,
1043,2026-01-01,Meta Ads,Notoriete,Meta_Notoriete_202601_1043,"EUR 4,510.25",7294,387695,136,12941.13,0.618
1075,2026-05-01,Google Ads,Notoriete,Google_Notoriete_202605_1075,5640.39,6723,159176,226,8542.0,0.839
1018,2025-10-01,TikTok Ads,Conversion,TikTok_Conversion_202510_1018,672.88,0,86454,49,1083.15,0.301
1079,2026-05-01,tiktok ads,Notoriete,TikTok_Notoriete_202605_1079,"EUR 1,001.71",2764,74657,34,865.6,
1055,2026-02-01,Meta Ads,Conversion,Meta_Conversion_202602_1055,3220.84,5688,244307,246,12009.82,0.566
1092,2026-06-01,TikTok Ads,Conversion,TikTok_Conversion_202606_1092,843.63,2154,59190,51,1704.73,0.392
1034,2025-12-01,Meta Ads,Notoriete,Meta_Notoriete_202512_1034,"EUR 1,724.23",2457,77703,31,4332.75,0.702
1068,2026-04-01,Google Ads,Conversion,Google_Conversion_202604_1068,"EUR 2,301.60",3733,88924,284,8578.89,0.616
1049,2026-01-01,TikTok Ads,Conversion,TikTok_Conversion_202601_1049,1208.48,3318,143231,73,2201.47,0.364
1047,2026-01-01,TikTok Ads,Notoriete,TikTok_Notoriete_202601_1047,1215.41,3269,88230,37,1481.97,0.372
1091,2026-06-01,TikTok Ads,Conversion,TikTok_Conversion_202606_1091,1154.33,3382,103825,84,1745.58,0.341
1032,2025-12-01,Google Ads,Conversion,Google_Conversion_202512_1032,1730.23,1723,44825,134,5524.75,1.004
1056,2026-02-01,tiktok ads,Notoriete,TikTok_Notoriete_202602_1056,2493.9,8845,448990,107,3179.23,0.282
1060,2026-03-01,Google Ads,Conversion,Google_Conversion_202603_1060,2164.84,3033,77547,230,7284.76,0.714
1011,2025-10-01,Google Ads,Notoriete,Google_Notoriete_202510_1011,4188.79,4505,106713,161,7635.87,
1033,2025-12-01,META ADS,Notoriete,Meta_Notoriete_202512_1033,1591.54,2476,126178,53,5564.15,0.643
1109,2026-08-01,TikTok Ads,Conversion,TikTok_Conversion_202608_1109,678.75,1595,74212,37,1152.31,
1020,2025-11-01,Google Ads,Notoriete,Google_Notoriete_202511_1020,3078.52,4124,99947,134,7151.69,0.746
1096,2026-07-01,Google Ads,Conversion,Google_Conversion_202607_1096,1738.05€,1854,44310,146,6334.86,0.937
1028,2025-11-01,TikTok Ads,Conversion,TikTok_Conversion_202511_1028,1996.99,8239,297145,201,2756.14,0.242
1037,2025-12-01,TikTok Ads,Notoriete,TikTok_Notoriete_202512_1037,"EUR 1,030.00",2942,122791,18,2057.36,0.35
1090,2026-06-01,TikTok Ads,Notoriete,TikTok_Notoriete_202606_1090,"EUR 1,128.02",3609,174975,36,2082.78,0.313
1040,2026-01-01,Google Ads,Notoriete,Google_Notoriete_202601_1040,2386.9,2300,105022,73,4901.73,1.038
1067,2026-04-01,Google Ads,Notoriete,Google_Notoriete_202604_1067,5946.56,6360,116127,179,12540.63,0.935
1096,2026-07-01,Google Ads,Conversion,Google_Conversion_202607_1096,1738.05,1854,44310,146,6334.86,0.937
1081,2026-05-01,TikTok Ads,Conversion,TikTok_Conversion_202605_1081,1198.04,3071,100657,69,1587.99,0.39
1041,2026-01-01,Google Ads,Notoriete,Google_Notoriete_202601_1041,2330.99€,2613,43157,83,4277.41,0.892
1082,2026-05-01,TikTok Ads,Conversion,TikTok_Conversion_202605_1082,1187.13,3178,135331,81,2103.68,0.373
1063,2026-03-01,Meta Ads,Conversion,Meta_Conversion_202603_1063,3956.39,7221,339721,277,10820.18,0.548
1084,2026-06-01,Google Ads,Notoriete,Google_Notoriete_202606_1084,2325.27,3241,139188,102,4204.45,0.717
1024,2025-11-01,Meta Ads,Notoriete,Meta_Notoriete_202511_1024,1322.21,2580,170888,56,4023.89,0.512
1035,2025-12-01,Meta Ads,Conversion,Meta_Conversion_202512_1035,1840.89,3474,150328,122,6997.96,0.53
1074,2026-04-01,TikTok Ads,Conversion,TikTok_Conversion_202604_1074,2452.65,6800,304220,160,4469.37,0.361
1100,2026-07-01,TikTok Ads,Notoriete,TikTok_Notoriete_202607_1100,"EUR 2,094.18",5553,214249,69,1901.01,
1005,2025-09-01,Meta Ads,Notoriete,Meta_Notoriete_202509_1005,1342.43,2234,91124,32,2512.4,0.601
1078,2026-05-01,Meta Ads,Conversion,Meta_Conversion_202605_1078,4099.41,7746,361054,317,17495.96,0.529
1016,2025-10-01,Meta Ads,Conversion,Meta_Conversion_202510_1016,1644.82,2958,165417,113,7822.75,
1097,2026-07-01,Meta Ads,Notoriete,Meta_Notoriete_202607_1097,1512.52,2255,106718,52,2585.28,0.671
1042,2026-01-01,google ads,Conversion,Google_Conversion_202601_1042,"EUR 5,173.20",6407,112997,494,18944.73,0.807
1052,2026-02-01,Google Ads,Conversion,Google_Conversion_202602_1052,2258.67,2853,62060,202,6351.2,0.792
1046,2026-01-01,Tik Tok Ads,Notoriete,TikTok_Notoriete_202601_1046,1116.45€,3546,119204,39,235.07,
1105,2026-08-01,Meta Ads,Notoriete,Meta_Notoriete_202608_1105,2493.47,5104,340295,86,3347.01,0.488
1053,2026-02-01,Meta Ads,Notoriete,Meta_Notoriete_202602_1053,1718.3,2896,137218,62,4429.19,0.593
1027,2025-11-01,TikTok Ads,Notoriete,TikTok_Notoriete_202511_1027,948.12,2879,102926,24,1427.03,0.329
1098,2026-07-01,META ADS,Notoriete,Meta_Notoriete_202607_1098,1446.35,2429,126186,55,3981.46,0.595
1044,2026-01-01,Meta Ads,Conversion,Meta_Conversion_202601_1044,1850.02,3462,140247,117,7912.4,0.534
1025,2025-11-01,Meta Ads,Conversion,Meta_Conversion_202511_1025,3512.25,5477,252221,225,11244.62,0.641
1071,2026-04-01,Meta Ads,Conversion,Meta_Conversion_202604_1071,2514.49,5350,325243,206,11755.93,0.47
1107,2026-08-01,Meta Ads,Conversion,Meta_Conversion_202608_1107,1682.52€,2564,105082,98,6332.77,0.656
1050,2026-02-01,Google Ads,Notoriete,Google_Notoriete_202602_1050,4483.97,4316,112666,166,10068.92,1.039
1022,2025-11-01,Google Ads,Conversion,Google_Conversion_202511_1022,2657.32,2724,67248,183,7961.79,0.975
1004,2025-09-01,Meta Ads,Notoriete,Meta_Notoriete_202509_1004,1419.06,2446,112974,48,2982.11,0.58
1031,2025-12-01,Google Ads,Conversion,Google_Conversion_202512_1031,2192.96,1872,30246,156,6003.89,
1084,2026-06-01,Google Ads,Notoriete,Google_Notoriete_202606_1084,2325.27,3241,139188,102,4204.45,0.717
1048,2026-01-01,TikTok Ads,Conversion,TikTok_Conversion_202601_1048,792.05,2144,65483,56,1632.79,0.369
1086,2026-06-01,Meta Ads,Notoriete,Meta_Notoriete_202606_1086,4433.07,7857,421271,126,6087.19,0.564
1009,2025-09-01,TikTok Ads,Conversion,TikTok_Conversion_202509_1009,EUR 867.57,2278,71225,49,1323.63,0.381
1061,2026-03-01,Google Ads,Conversion,Google_Conversion_202603_1061,3125.9,3876,122239,287,11378.63,0.806
1001,2025-09-01,Google Ads,Notoriete,Google_Notoriete_202509_1001,"EUR 3,945.56",4067,148210,145,6515.83,0.97
1104,2026-08-01,Google Ads,Conversion,Google_Conversion_202608_1104,2355.83,2793,63072,181,7692.89,
1058,2026-03-01,Google Ads,Notoriete,Google_Notoriete_202603_1058,2100.7,3176,85822,98,5361.56,0.661
1023,2025-11-01,Meta Ads,Notoriete,Meta_Notoriete_202511_1023,1689.17,3552,149707,59,3889.45,0.476
1062,2026-03-01,Meta Ads,Notoriete,Meta_Notoriete_202603_1062,3835.19€,5394,190547,84,11186.98,0.711
1064,2026-03-01,TikTok Ads,Notoriete,TikTok_Notoriete_202603_1064,1076.97,2384,69720,27,936.99,0.452
1008,2025-09-01,TikTok Ads,Notoriete,TikTok_Notoriete_202509_1008,1669.42,4975,136782,57,706.99,
1110,2026-08-01,TikTok Ads,Conversion,TikTok_Conversion_202608_1110,878.51,2123,162905,56,1135.72,0.414
1014,2025-10-01,Meta Ads,Notoriete,Meta_Notoriete_202510_1014,3409.49,6571,260785,128,6176.32,0.519
1087,2026-06-01,Meta Ads,Conversion,Meta_Conversion_202606_1087,2067.55,2943,152460,110,8679.55,0.702
1089,2026-06-01,TikTok Ads,Notoriete,TikTok_Notoriete_202606_1089,1127.06,4327,228309,58,225.41,
1088,2026-06-01,Meta Ads,Conversion,Meta_Conversion_202606_1088,1761.18,3119,125512,119,6807.55,0.565
1069,2026-04-01,Google Ads,Conversion,Google_Conversion_202604_1069,"EUR 2,812.46",4271,233142,320,9598.31,0.658
1099,2026-07-01,Meta Ads,Conversion,Meta_Conversion_202607_1099,2924.03,8019,334027,316,8339.61,0.365
1015,2025-10-01,Meta Ads,Conversion,Meta_Conversion_202510_1015,1252.73,2399,102691,84,5018.11,0.522
1030,2025-12-01,Google Ads,Notoriete,Google_Notoriete_202512_1030,2277.97,2992,69605,100,3577.47,0.761
1029,2025-12-01,Google Ads,Notoriete,Google_Notoriete_202512_1029,2645.71,3098,76225,96,5657.42,0.854
1012,2025-10-01,Google Ads,Conversion,Google_Conversion_202510_1012,2057.02,2255,55302,161,7006.79,0.912
1085,2026-06-01,Google Ads,Conversion,Google_Conversion_202606_1085,3645.97,4481,103509,302,12518.74,0.814
1019,2025-10-01,TikTok Ads,Conversion,TikTok_Conversion_202510_1019,747.11,2038,62336,47,1369.1,0.366
1021,2025-11-01,Google Ads,Conversion,Google_Conversion_202511_1021,1805.96,2515,84035,187,6046.78,0.718
1051,2026-02-01,Google Ads,Conversion,Google_Conversion_202602_1051,3039.6,3168,60255,206,9660.45,0.959
1026,2025-11-01,TikTok Ads,Notoriete,TikTok_Notoriete_202511_1026,1197.08,3514,135916,40,1800.87,0.341
1007,2025-09-01,Meta Ads,Conversion,Meta_Conversion_202509_1007,1377.57,2273,112134,97,4234.06,0.606
1072,2026-04-01,Meta Ads,Conversion,Meta_Conversion_202604_1072,"EUR 1,942.88",2861,154207,86,8209.83,0.679
1077,2026-05-01,Meta Ads,Notoriete,Meta_Notoriete_202605_1077,3505.52,6198,436248,118,5345.39,0.566
1002,2025-09-01,Google Ads,Conversion,Google_Conversion_202509_1002,2424.29€,2824,51210,200,8191.82,0.858
1017,2025-10-01,TikTok Ads,Notoriete,TikTok_Notoriete_202510_1017,1523.34,4213,118304,42,2322.57,0.362
1065,2026-03-01,TikTok Ads,Notoriete,TikTok_Notoriete_202603_1065,1195.98,3126,119769,35,1213.59,
1080,2026-05-01,TIKTOK ADS,Notoriete,TikTok_Notoriete_202605_1080,769.73,2348,93602,30,610.28,0.328
1006,2025-09-01,Meta Ads,Conversion,Meta_Conversion_202509_1006,1538.9,2587,149210,111,6148.33,0.595
1076,2026-05-01,Google Ads,Conversion,Google_Conversion_202605_1076,4334.22,4855,106796,327,15207.87,
1010,2025-09-01,TikTok Ads,Conversion,TikTok_Conversion_202509_1010,885.03,3127,144410,56,1537.6,0.283
1073,2026-04-01,TikTok Ads,Notoriete,TikTok_Notoriete_202604_1073,2436.9,7893,425366,96,2314.5,0.309
1013,2025-10-01,google ads,Conversion,Google_Conversion_202510_1013,1978.62,0,56116,172,5514.51,0.796
1108,2026-08-01,TikTok Ads,Notoriete,TikTok_Notoriete_202608_1108,1715.1,5409,181850,56,1900.54,
1038,2025-12-01,TikTok Ads,Notoriete,TikTok_Notoriete_202512_1038,1200.72,3242,136638,33,748.23,0.37
